CHR,BP,CX429,CX578,IRIS_313-7651,IRIS_313-7668,IRIS_313-7685,IRIS_313-7691,IRIS_313-7807,IRIS_313-7809,IRIS_313-7816,IRIS_313-7820,IRIS_313-7824,IRIS_313-8121,IRIS_313-8737,IRIS_313-8793,IRIS_313-9262,IRIS_313-9740,IRIS_313-9742,IRIS_313-9851,IRIS_313-10046,IRIS_313-10054
1,2651540,C,C,T,T,C,C,C,C,C,C,C,C,T,C,C,T,C,C,C,C
1,10323754,A,A,A,A,G,G,G,G,G,G,G,A,G,A,A,A,A,A,G,0
1,32274685,C,C,C,T,C,C,C,C,C,T,C,C,T,C,C,C,C,C,C,C
1,38092840,G,G,G,G,G,G,G,G,G,G,G,G,G,G,G,G,G,G,G,G
1,38726586,G,G,G,G,G,G,G,G,G,G,G,G,G,G,G,A,G,G,G,G
2,25943857,G,G,G,G,T,T,T,T,T,T,T,G,G,G,G,T,G,G,T,T
4,580955,A,A,A,A,T,0,T,T,T,T,T,A,T,A,A,A,A,A,T,T
4,583237,G,G,G,G,A,A,A,A,A,0,A,G,G,G,G,G,G,G,G,A
4,18654708,G,G,G,G,G,G,G,G,G,G,G,A,G,G,G,G,G,A,G,G
4,18654714,G,G,G,G,A,A,A,A,A,A,A,A,G,G,G,G,G,A,A,G
4,18654948,C,C,C,C,T,T,T,T,T,T,T,T,C,C,C,C,C,T,T,C
4,18656458,G,G,G,G,G,G,G,G,G,G,G,A,G,G,G,G,G,A,G,G
5,23589191,C,T,C,T,T,T,T,T,T,T,T,T,T,T,T,C,C,T,T,T
6,2998479,C,T,C,C,C,C,C,C,C,C,C,C,C,C,C,C,C,C,C,C
6,5822482,C,C,C,T,C,C,C,C,C,C,C,C,0,C,C,C,C,C,C,C
6,10704454,C,C,C,C,T,T,T,T,T,T,T,C,C,C,C,C,C,C,T,T
6,10704503,C,C,C,C,T,T,T,T,T,T,T,C,C,C,C,C,C,C,0,T
7,179514,A,A,A,A,C,C,C,C,C,C,C,A,A,A,A,A,A,A,C,C
7,183247,C,C,C,C,T,T,T,T,T,T,T,C,C,C,C,C,C,C,T,T
7,4601794,G,C,G,G,G,G,G,G,G,G,G,G,G,G,G,G,G,G,G,G
7,4796628,G,G,G,G,G,G,G,G,G,G,G,G,G,G,G,G,G,G,G,G
7,5304728,C,T,C,C,C,C,C,C,C,C,C,C,C,C,C,C,C,C,0,C
7,6376127,C,C,C,T,C,C,C,C,C,C,C,C,C,C,C,C,C,C,C,C
7,6376139,C,C,C,A,C,C,C,C,C,A,C,C,0,C,C,C,C,A,C,C
7,7718223,G,G,G,G,A,A,A,A,A,A,A,G,A,G,G,G,G,G,A,A
7,7718509,G,G,G,G,T,T,T,T,T,T,T,G,T,G,G,G,G,G,T,T
7,17836006,G,G,G,A,G,G,G,G,G,G,G,G,A,G,A,G,G,G,G,G
7,17836444,C,C,C,T,C,C,C,C,C,C,C,C,T,C,T,T,C,0,C,C
7,21517893,T,T,T,T,T,T,T,T,T,T,T,G,T,T,T,T,T,G,T,G
7,26201338,T,T,T,T,T,T,T,T,T,T,T,C,T,T,T,T,T,C,T,T
7,26202323,G,G,G,G,G,G,G,G,G,G,G,A,G,G,G,G,G,A,G,G
7,26202329,T,T,T,T,T,T,T,T,T,T,T,C,T,T,T,T,T,C,T,T
8,3317201,C,C,C,A,C,C,C,C,C,A,C,C,A,C,C,C,C,C,C,C
8,3854310,T,T,T,T,C,C,C,C,C,C,C,T,C,T,T,T,T,T,C,C
8,15994838,T,T,T,0,T,T,T,T,T,T,T,C,T,T,T,T,T,C,T,T
8,21202329,T,T,T,T,C,C,C,C,C,C,C,C,T,T,T,T,T,C,C,T
8,21202361,C,C,C,C,C,C,C,C,C,C,C,A,C,C,C,C,C,A,C,C
8,21202378,T,T,T,T,T,T,T,T,T,T,T,C,T,T,T,T,T,C,T,T
8,21203219,C,C,C,C,C,C,C,C,C,C,C,T,C,C,C,C,C,T,C,C
8,21527491,A,A,A,A,G,G,G,G,G,G,G,A,A,A,A,A,A,A,0,G
9,4684668,G,G,G,G,A,A,A,A,0,A,A,G,A,G,G,G,G,G,A,A
9,7855202,C,C,A,A,C,C,A,C,A,C,C,C,A,C,C,C,C,C,C,C
9,11728944,G,G,G,G,G,G,G,G,G,G,G,T,G,G,G,T,G,G,G,G
9,13511174,A,A,A,A,T,T,A,T,T,T,T,A,T,A,A,A,A,A,T,T
9,16499105,G,G,G,G,A,A,A,A,A,A,A,G,A,G,G,G,G,G,A,A
10,1520528,C,C,C,A,C,C,C,C,C,A,C,C,A,C,C,C,C,0,C,C
11,11703334,A,A,A,A,A,A,A,A,A,A,A,G,A,A,A,A,A,G,A,A
11,21553661,G,G,G,0,A,A,A,A,A,A,A,G,A,G,G,G,G,G,A,A
11,23449694,G,G,G,G,G,G,G,G,G,G,G,A,G,G,G,G,G,A,G,G
11,27606200,A,A,A,A,G,G,G,G,G,G,G,A,G,A,A,A,A,A,G,G
12,13459325,C,C,C,C,C,C,C,C,C,C,C,T,C,C,C,C,C,T,C,C
12,22566282,A,A,A,A,G,G,A,A,A,A,G,A,G,A,G,A,A,A,G,A
