IND,21118,56506,56515,56854,57209,57220,57342,57347,57361,57397,57410,57416,57419,57420,57434,57463,57486,58633,58648,58660,58673,58674,58716,58753,58783,58813,58848,58862,58866,58896
C1,T,A,C,C,C,A,C,A,T,T,T,C,G,A,C,T,A,G,C,G,T,G,C,T,G,G,T,C,C,G
C2,C,G,C,C,C,A,C,A,T,T,T,C,G,A,C,T,A,G,T,G,T,G,C,T,G,G,T,C,C,G
C3,T,G,C,C,C,A,C,A,T,T,T,C,G,A,C,T,A,G,T,G,T,G,C,T,G,G,T,C,C,G
C4,T,G,C,C,C,A,C,A,T,T,T,C,G,A,C,T,A,G,T,G,T,G,C,T,G,G,T,C,C,G
C5,C,G,G,A,G,C,T,G,G,C,G,A,C,C,C,C,G,T,T,A,G,T,T,G,T,T,G,C,C,T
C6,T,G,C,C,C,A,C,A,T,T,T,C,G,A,C,T,A,G,T,G,T,G,C,T,G,G,T,C,C,G
C7,T,A,C,C,C,A,C,A,T,T,T,C,G,A,C,T,A,G,C,G,T,G,C,T,G,G,T,C,C,G
GIV,C,G,C,C,G,A,C,A,T,T,T,C,G,A,T,T,A,G,T,G,T,G,C,T,G,G,T,C,C,G
GV,C,G,G,A,G,C,T,G,G,C,G,A,C,C,C,C,G,T,T,A,G,T,T,G,T,T,G,C,C,T
P1,C,G,C,C,C,A,C,A,T,T,T,C,G,A,C,T,A,G,T,G,T,G,C,T,G,G,T,C,C,G
P10,C,G,C,C,G,A,C,A,T,T,T,C,G,A,T,T,A,G,T,G,T,G,C,T,G,G,T,C,C,G
P6d,C,G,G,C,G,A,C,A,T,T,T,C,G,A,T,T,A,G,T,G,T,G,C,T,G,G,T,A,C,G
P3b,C,G,G,A,G,A,C,A,T,T,T,C,G,A,T,T,A,G,T,G,T,G,C,T,G,G,T,C,C,G
P3c,C,G,C,C,G,A,C,A,T,T,T,C,G,A,T,T,A,T,T,G,T,G,T,G,G,T,G,C,A,T
P4,C,G,C,C,G,A,C,A,T,T,T,C,G,A,T,T,A,G,T,G,T,G,C,T,G,G,T,C,C,G
P5,C,G,G,A,G,A,C,A,T,T,T,C,G,A,T,T,A,G,T,G,T,G,C,T,G,G,T,C,C,G
P6,C,G,G,C,G,A,C,A,T,T,T,C,G,A,T,T,A,G,T,G,T,G,C,T,G,G,T,A,C,G
P7,C,G,G,A,G,A,C,A,T,T,T,C,G,A,T,T,A,G,T,G,T,G,C,T,G,G,T,C,C,G
P8,C,G,G,A,G,A,C,A,T,T,T,C,G,A,T,T,A,G,T,G,T,G,C,T,G,G,T,C,C,G
P9a,C,G,C,C,G,A,C,A,T,T,T,C,G,A,T,T,A,T,T,G,T,G,T,G,G,T,G,C,A,T
P9b,C,G,C,C,G,A,C,A,T,T,T,C,G,A,T,T,A,T,T,G,T,G,T,G,G,T,G,C,A,T
P9c,C,G,C,C,G,A,C,A,T,T,T,C,G,A,T,T,A,T,T,G,T,G,T,G,G,T,G,C,A,T
P9d,C,G,C,C,G,C,T,G,G,C,G,A,C,C,C,C,G,T,T,A,G,T,T,G,T,T,G,C,C,T
